what,kind,bundleId,bundleVersion,description,time
activated,workbench,org.eclipse.ui.workbench,3.7.0.I20110519-0100,"",1318844598953
executed,command,org.eclipse.jdt.ui,3.7.0.v20110531-1200,"org.eclipse.jdt.ui.edit.text.java.extract.method",1318844598969
started,bundle,org.eclipse.wst.server.core,1.1.302.v20110518,"org.eclipse.wst.server.core",1318844629607
started,bundle,org.eclipse.wst.server.ui,1.1.305.v20110511,"org.eclipse.wst.server.ui",1318844629654
activated,view,org.eclipse.jdt.ui,3.7.0.v20110531-1200,"org.eclipse.jdt.ui.PackageExplorer",1318844629950
activated,editor,org.eclipse.jdt.ui,3.7.0.v20110531-1200,"org.eclipse.jdt.ui.CompilationUnitEditor",1318844630262
activated,view,org.eclipse.jdt.ui,3.7.0.v20110531-1200,"org.eclipse.jdt.ui.PackageExplorer",1318844641901
activated,editor,org.eclipse.jdt.ui,3.7.0.v20110531-1200,"org.eclipse.jdt.ui.CompilationUnitEditor",1318844642151
executed,command,org.eclipse.ui,3.7.0.I20110602-0100,"org.eclipse.ui.file.save",1318844704489
started,bundle,org.eclipse.wst.common.frameworks,1.2.100.v201105122000,"org.eclipse.wst.common.frameworks",1318844705113
started,bundle,org.eclipse.wst.common.emf,1.2.100.v201101101900,"org.eclipse.wst.common.emf",1318844705347
started,bundle,org.eclipse.jem.util,2.1.100.v201103021400,"org.eclipse.jem.util",1318844705503
started,bundle,org.eclipse.wst.common.emfworkbench.integration,1.2.100.v201011172300,"org.eclipse.wst.common.emfworkbench.integration",1318844705503
started,bundle,org.eclipse.wst.common.core,1.2.0.v200908252030,"org.eclipse.wst.common.core",1318844705659
started,bundle,org.eclipse.wst.common.modulecore,1.2.100.v201105191800,"org.eclipse.wst.common.modulecore",1318844705659
deactivated,workbench,org.eclipse.ui.workbench,3.7.0.I20110519-0100,"",1318848238308
started,bundle,org.eclipse.epp.usagedata.ui,1.3.1.R201106061540,"org.eclipse.epp.usagedata.ui",1318848238651
deactivated,workbench,org.eclipse.ui.workbench,3.7.0.I20110519-0100,"",1318848273163
activated,workbench,org.eclipse.ui.workbench,3.7.0.I20110519-0100,"",1318848276439
activated,workbench,org.eclipse.ui.workbench,3.7.0.I20110519-0100,"",1318848276579
deactivated,workbench,org.eclipse.ui.workbench,3.7.0.I20110519-0100,"",1318848276641
activated,workbench,org.eclipse.ui.workbench,3.7.0.I20110519-0100,"",1318848375686
closed,workbench,org.eclipse.ui.workbench,3.7.0.I20110519-0100,"",1318848376154
activated,perspective,org.eclipse.jdt.ui,,"org.eclipse.jdt.ui.JavaPerspective",1319020471492
started,bundle,org.eclipse.osgi,3.7.0.v20110613,"org.eclipse.osgi",1319020471492
started,bundle,org.eclipse.equinox.simpleconfigurator,1.0.200.v20110502-1955,"org.eclipse.equinox.simpleconfigurator",1319020471492
started,bundle,com.ibm.icu,4.4.2.v20110208,"com.ibm.icu",1319020471492
started,bundle,org.eclipse.compare.core,3.5.200.I20110208-0800,"org.eclipse.compare.core",1319020471492
started,bundle,org.eclipse.core.contenttype,3.4.100.v20110423-0524,"org.eclipse.core.contenttype",1319020471492
started,bundle,org.eclipse.core.databinding.observable,1.4.0.I20110222-0800,"org.eclipse.core.databinding.observable",1319020471492
started,bundle,org.eclipse.core.expressions,3.4.300.v20110228,"org.eclipse.core.expressions",1319020471492
started,bundle,org.eclipse.core.filebuffers,3.5.200.v20110505-0800,"org.eclipse.core.filebuffers",1319020471492
started,bundle,org.eclipse.core.filesystem,1.3.100.v20110423-0524,"org.eclipse.core.filesystem",1319020471492
started,bundle,org.eclipse.core.jobs,3.5.100.v20110404,"org.eclipse.core.jobs",1319020471492
started,bundle,org.eclipse.core.net,1.2.100.I20110511-0800,"org.eclipse.core.net",1319020471492
started,bundle,org.eclipse.core.resources,3.7.100.v20110510-0712,"org.eclipse.core.resources",1319020471492
started,bundle,org.eclipse.core.runtime,3.7.0.v20110110,"org.eclipse.core.runtime",1319020471492
started,bundle,org.eclipse.core.runtime.compatibility,3.2.100.v20100505,"org.eclipse.core.runtime.compatibility",1319020471492
started,bundle,org.eclipse.core.runtime.compatibility.auth,3.2.200.v20110110,"org.eclipse.core.runtime.compatibility.auth",1319020471508
started,bundle,org.eclipse.debug.core,3.7.0.v20110518,"org.eclipse.debug.core",1319020471508
started,bundle,org.eclipse.epp.mpc.ui,1.1.0.I20110525-0742,"org.eclipse.epp.mpc.ui",1319020471508
started,bundle,org.eclipse.epp.usagedata.gathering,1.3.1.R201106061540,"org.eclipse.epp.usagedata.gathering",1319020471508
started,bundle,org.eclipse.epp.usagedata.recording,1.3.1.R201106061540,"org.eclipse.epp.usagedata.recording",1319020471508
started,bundle,org.eclipse.equinox.app,1.3.100.v20110321,"org.eclipse.equinox.app",1319020471508
started,bundle,org.eclipse.equinox.common,3.6.0.v20110523,"org.eclipse.equinox.common",1319020471508
started,bundle,org.eclipse.equinox.ds,1.3.0.v20110502,"org.eclipse.equinox.ds",1319020471508
started,bundle,org.eclipse.equinox.event,1.2.100.v20110502,"org.eclipse.equinox.event",1319020471508
started,bundle,org.eclipse.equinox.p2.core,2.1.0.v20110502-1955,"org.eclipse.equinox.p2.core",1319020471508
started,bundle,org.eclipse.equinox.p2.directorywatcher,1.0.300.v20110502-1955,"org.eclipse.equinox.p2.directorywatcher",1319020471508
started,bundle,org.eclipse.equinox.p2.engine,2.1.0.v20110511,"org.eclipse.equinox.p2.engine",1319020471508
started,bundle,org.eclipse.equinox.p2.operations,2.1.0.v20110511-1821,"org.eclipse.equinox.p2.operations",1319020471508
started,bundle,org.eclipse.equinox.p2.reconciler.dropins,1.1.100.v20110510,"org.eclipse.equinox.p2.reconciler.dropins",1319020471508
started,bundle,org.eclipse.equinox.preferences,3.4.0.v20110502,"org.eclipse.equinox.preferences",1319020471508
started,bundle,org.eclipse.equinox.registry,3.5.100.v20110502,"org.eclipse.equinox.registry",1319020471508
started,bundle,org.eclipse.equinox.security,1.1.0.v20110502,"org.eclipse.equinox.security",1319020471586
started,bundle,org.eclipse.equinox.util,1.0.300.v20110502,"org.eclipse.equinox.util",1319020471586
started,bundle,org.eclipse.help,3.5.100.v20110426,"org.eclipse.help",1319020471586
started,bundle,org.eclipse.jdt.apt.core,3.3.500.v20110420-1015,"org.eclipse.jdt.apt.core",1319020471586
started,bundle,org.eclipse.jdt.apt.pluggable.core,1.0.400.v20110305-1450,"org.eclipse.jdt.apt.pluggable.core",1319020471586
started,bundle,org.eclipse.jdt.core,3.7.0.v_B61,"org.eclipse.jdt.core",1319020471586
started,bundle,org.eclipse.jdt.core.manipulation,1.4.0.v20110505-0800,"org.eclipse.jdt.core.manipulation",1319020471586
started,bundle,org.eclipse.jdt.launching,3.6.0.v20110509,"org.eclipse.jdt.launching",1319020471586
started,bundle,org.eclipse.jdt.ui,3.7.0.v20110531-1200,"org.eclipse.jdt.ui",1319020471586
started,bundle,org.eclipse.jface,3.7.0.I20110522-1430,"org.eclipse.jface",1319020471601
started,bundle,org.eclipse.ltk.core.refactoring,3.5.200.v20110505-0800,"org.eclipse.ltk.core.refactoring",1319020471601
started,bundle,org.eclipse.ltk.ui.refactoring,3.6.0.v20110505-0800,"org.eclipse.ltk.ui.refactoring",1319020471601
started,bundle,org.eclipse.mylyn.bugzilla.core,3.6.0.v20110608-1400,"org.eclipse.mylyn.bugzilla.core",1319020471601
started,bundle,org.eclipse.mylyn.bugzilla.ui,3.6.0.v20110608-1400,"org.eclipse.mylyn.bugzilla.ui",1319020471601
started,bundle,org.eclipse.mylyn.commons.identity,0.8.0.v20110608-1400,"org.eclipse.mylyn.commons.identity",1319020471601
started,bundle,org.eclipse.mylyn.commons.net,3.6.0.v20110608-1400,"org.eclipse.mylyn.commons.net",1319020471601
started,bundle,org.eclipse.mylyn.context.ui,3.6.0.v20110608-1400,"org.eclipse.mylyn.context.ui",1319020471601
started,bundle,org.eclipse.mylyn.monitor.ui,3.6.0.v20110608-1400,"org.eclipse.mylyn.monitor.ui",1319020471601
started,bundle,org.eclipse.pde.launching,3.6.0.v20110506,"org.eclipse.pde.launching",1319020471601
started,bundle,org.eclipse.pde.ui,3.6.100.v20110603,"org.eclipse.pde.ui",1319020471648
started,bundle,org.eclipse.search,3.7.0.v20110505-0800,"org.eclipse.search",1319020471648
started,bundle,org.eclipse.team.core,3.6.0.I20110525-0800,"org.eclipse.team.core",1319020471648
started,bundle,org.eclipse.ui,3.7.0.I20110602-0100,"org.eclipse.ui",1319020471648
started,bundle,org.eclipse.ui.console,3.5.100.v20110511,"org.eclipse.ui.console",1319020471648
started,bundle,org.eclipse.ui.editors,3.7.0.v20110517-0800,"org.eclipse.ui.editors",1319020471648
started,bundle,org.eclipse.ui.forms,3.5.100.v20110425,"org.eclipse.ui.forms",1319020471648
started,bundle,org.eclipse.ui.ide,3.7.0.I20110519-0100,"org.eclipse.ui.ide",1319020471664
started,bundle,org.eclipse.ui.net,1.2.100.I20110511-0800,"org.eclipse.ui.net",1319020471664
started,bundle,org.eclipse.ui.views,3.6.0.I20110412-0800,"org.eclipse.ui.views",1319020471664
started,bundle,org.eclipse.ui.views.log,1.0.200.v20110404,"org.eclipse.ui.views.log",1319020471664
started,bundle,org.eclipse.ui.workbench,3.7.0.I20110519-0100,"org.eclipse.ui.workbench",1319020471664
started,bundle,org.eclipse.ui.workbench.texteditor,3.7.0.v20110505-0800,"org.eclipse.ui.workbench.texteditor",1319020471679
started,bundle,org.eclipse.wst.common.project.facet.core,1.4.200.v201103170332,"org.eclipse.wst.common.project.facet.core",1319020471679
started,bundle,org.eclipse.mylyn.commons.ui,3.6.1.v20110720-0100,"org.eclipse.mylyn.commons.ui",1319020471679
started,bundle,org.eclipse.mylyn.context.core,3.6.1.v20110720-0100,"org.eclipse.mylyn.context.core",1319020471679
started,bundle,org.eclipse.mylyn.tasks.ui,3.6.1.v20110728-0200,"org.eclipse.mylyn.tasks.ui",1319020471679
os,sysinfo,,,"win32",1319020471679
arch,sysinfo,,,"x86",1319020471679
ws,sysinfo,,,"win32",1319020471679
locale,sysinfo,,,"ja_JP",1319020471679
processors,sysinfo,,,"2",1319020471679
java.runtime.name,sysinfo,,,"Java(TM) SE Runtime Environment",1319020471679
java.runtime.version,sysinfo,,,"1.7.0-b147",1319020471679
java.specification.name,sysinfo,,,"Java Platform API Specification",1319020471679
java.specification.vendor,sysinfo,,,"Oracle Corporation",1319020471679
java.specification.version,sysinfo,,,"1.7",1319020471679
java.vendor,sysinfo,,,"Oracle Corporation",1319020471679
java.version,sysinfo,,,"1.7.0",1319020471679
java.vm.info,sysinfo,,,"mixed mode, sharing",1319020471679
java.vm.name,sysinfo,,,"Java HotSpot(TM) Client VM",1319020471679
java.vm.specification.name,sysinfo,,,"Java Virtual Machine Specification",1319020471679
java.vm.specification.vendor,sysinfo,,,"Oracle Corporation",1319020471679
java.vm.specification.version,sysinfo,,,"1.7",1319020471679
java.vm.vendor,sysinfo,,,"Oracle Corporation",1319020471695
java.vm.version,sysinfo,,,"21.0-b17",1319020471757
started,bundle,org.eclipse.equinox.p2.metadata,2.1.0.v20110510,"org.eclipse.equinox.p2.metadata",1319020471804
started,bundle,org.eclipse.equinox.p2.repository,2.1.0.v20110601,"org.eclipse.equinox.p2.repository",1319020472007
started,bundle,org.eclipse.jsch.core,1.1.300.I20110514-0800,"org.eclipse.jsch.core",1319020472147
started,bundle,org.eclipse.team.cvs.core,3.3.400.I20110510-0800,"org.eclipse.team.cvs.core",1319020472147
started,bundle,org.eclipse.equinox.p2.metadata.repository,1.2.0.v20110511-1359,"org.eclipse.equinox.p2.metadata.repository",1319020472257
started,bundle,org.eclipse.equinox.p2.ui.sdk.scheduler,1.0.100.v20110502-1955,"org.eclipse.equinox.p2.ui.sdk.scheduler",1319020472272
started,bundle,org.eclipse.equinox.p2.updatechecker,1.1.200.v20110502-1955,"org.eclipse.equinox.p2.updatechecker",1319020472335
started,bundle,org.eclipse.team.ui,3.6.100.I20110525-0800,"org.eclipse.team.ui",1319020472600
started,bundle,org.eclipse.team.cvs.ui,3.3.400.I20110510-0800,"org.eclipse.team.cvs.ui",1319020472771
started,bundle,org.eclipse.wst.web,1.1.500.v201104251400,"org.eclipse.wst.web",1319020472803
started,bundle,org.eclipse.jst.ws.jaxws.utils,1.0.0.v201004171919,"org.eclipse.jst.ws.jaxws.utils",1319020473239
started,bundle,org.eclipse.mylyn.team.ui,3.6.0.v20110608-1400,"org.eclipse.mylyn.team.ui",1319020473614
started,bundle,org.eclipse.update.scheduler,3.2.300.v20100512,"org.eclipse.update.scheduler",1319020473739
started,bundle,org.eclipse.emf.common,2.7.0.v20110605-0747,"org.eclipse.emf.common",1319020474019
started,bundle,org.eclipse.emf.ecore,2.7.0.v20110605-0747,"org.eclipse.emf.ecore",1319020474316
started,bundle,org.eclipse.update.configurator,3.3.100.v20100512,"org.eclipse.update.configurator",1319020474347
started,bundle,org.eclipse.update.core,3.2.500.v20110330,"org.eclipse.update.core",1319020474441
started,bundle,org.eclipse.emf.ecore.xmi,2.7.0.v20110520-1406,"org.eclipse.emf.ecore.xmi",1319020474721
started,bundle,org.eclipse.jst.common.project.facet.core,1.4.200.v201103170302,"org.eclipse.jst.common.project.facet.core",1319020475423
opened,view,org.eclipse.ui.ide,3.7.0.I20110519-0100,"org.eclipse.ui.views.ProblemView",1319020475782
started,bundle,org.eclipse.jst.ws.jaxrs.core,1.0.300.v201011231608,"org.eclipse.jst.ws.jaxrs.core",1319020475845
started,bundle,org.eclipse.wst.sse.core,1.1.600.v201105162116,"org.eclipse.wst.sse.core",1319020477436
started,bundle,org.maven.ide.eclipse.maven_model_edit,0.12.1.20110112-1712,"org.maven.ide.eclipse.maven_model_edit",1319020477857
started,bundle,org.maven.ide.eclipse,0.12.1.20110112-1712,"org.maven.ide.eclipse",1319020477982
started,bundle,org.maven.ide.eclipse.jdt,0.12.1.20110112-1712,"org.maven.ide.eclipse.jdt",1319020477997
started,bundle,org.eclipse.core.variables,3.2.500.v20110511,"org.eclipse.core.variables",1319020478169
started,bundle,org.python.pydev.core,2.2.2.2011082312,"org.python.pydev.core",1319020479230
started,bundle,org.python.pydev.debug,2.2.2.2011082312,"org.python.pydev.debug",1319020479261
started,bundle,com.python.pydev.analysis,2.2.2.2011082312,"com.python.pydev.analysis",1319020480010
started,bundle,org.python.pydev,2.2.2.2011082312,"org.python.pydev",1319020480119
started,bundle,org.eclipse.debug.ui,3.7.0.v20110518,"org.eclipse.debug.ui",1319020480369
activated,view,org.eclipse.jdt.ui,3.7.0.v20110531-1200,"org.eclipse.jdt.ui.PackageExplorer",1319020482982
deactivated,workbench,org.eclipse.ui.workbench,3.7.0.I20110519-0100,"",1319020483061
activated,workbench,org.eclipse.ui.workbench,3.7.0.I20110519-0100,"",1319020484900
started,bundle,org.eclipse.jdt.debug,3.7.0.v20110509,"org.eclipse.jdt.debug",1319020487400
started,bundle,org.eclipse.jdt.debug.ui,3.6.0.v20110512,"org.eclipse.jdt.debug.ui",1319020487600
activated,editor,org.eclipse.jdt.ui,3.7.0.v20110531-1200,"org.eclipse.jdt.ui.CompilationUnitEditor",1319020487705
opened,editor,org.eclipse.jdt.ui,3.7.0.v20110531-1200,"org.eclipse.jdt.ui.CompilationUnitEditor",1319020487862
activated,editor,org.eclipse.jdt.ui,3.7.0.v20110531-1200,"org.eclipse.jdt.ui.CompilationUnitEditor",1319020487937
closed,editor,org.eclipse.jdt.ui,3.7.0.v20110531-1200,"org.eclipse.jdt.ui.CompilationUnitEditor",1319020487942
activated,view,org.eclipse.jdt.ui,3.7.0.v20110531-1200,"org.eclipse.jdt.ui.PackageExplorer",1319020489832
closed,editor,org.eclipse.jdt.ui,3.7.0.v20110531-1200,"org.eclipse.jdt.ui.CompilationUnitEditor",1319020489832
started,bundle,org.eclipse.wst.ws.service.policy.ui,1.0.202.v201004211732,"org.eclipse.wst.ws.service.policy.ui",1319020491314
started,bundle,org.eclipse.wst.ws.service.policy,1.0.303.v201009221810,"org.eclipse.wst.ws.service.policy",1319020491393
started,bundle,org.eclipse.wst.command.env,1.0.409.v201004211805,"org.eclipse.wst.command.env",1319020491862
started,bundle,org.eclipse.wst.ws,1.1.203.v201004211805,"org.eclipse.wst.ws",1319020491862
started,bundle,org.eclipse.wst.common.frameworks.ui,1.2.100.v201105122000,"org.eclipse.wst.common.frameworks.ui",1319020492567
started,bundle,org.eclipse.wst.common.core,1.2.0.v200908252030,"org.eclipse.wst.common.core",1319020492662
started,bundle,org.maven.ide.eclipse.editor,0.12.1.20110112-1712,"org.maven.ide.eclipse.editor",1319020493023
started,bundle,org.maven.ide.eclipse.refactoring,0.12.1.20110112-1712,"org.maven.ide.eclipse.refactoring",1319020494905
started,bundle,org.eclipse.compare,3.5.200.I20110525-0800,"org.eclipse.compare",1319020495369
executed,command,org.eclipse.ui.ide,3.7.0.I20110519-0100,"org.eclipse.ui.project.closeProject",1319020505793
executed,command,org.eclipse.ui.ide,3.7.0.I20110519-0100,"org.eclipse.ui.project.closeProject",1319020513057
executed,command,org.eclipse.ui.ide,3.7.0.I20110519-0100,"org.eclipse.ui.project.closeProject",1319020519445
started,bundle,org.eclipse.wst.server.core,1.1.302.v20110518,"org.eclipse.wst.server.core",1319020525045
started,bundle,org.eclipse.wst.server.ui,1.1.305.v20110511,"org.eclipse.wst.server.ui",1319020525061
started,bundle,org.eclipse.wst.jsdt.debug.rhino.ui,1.0.0.v201103232243,"org.eclipse.wst.jsdt.debug.rhino.ui",1319020525069
started,bundle,org.eclipse.wst.jsdt.core,1.1.100.v201104272153,"org.eclipse.wst.jsdt.core",1319020525798
deactivated,workbench,org.eclipse.ui.workbench,3.7.0.I20110519-0100,"",1319020530351
activated,workbench,org.eclipse.ui.workbench,3.7.0.I20110519-0100,"",1319020535667
started,bundle,org.eclipse.wst.common.frameworks,1.2.100.v201105122000,"org.eclipse.wst.common.frameworks",1319020536736
started,bundle,org.eclipse.wst.common.emf,1.2.100.v201101101900,"org.eclipse.wst.common.emf",1319020536951
started,bundle,org.eclipse.jem.util,2.1.100.v201103021400,"org.eclipse.jem.util",1319020537096
started,bundle,org.eclipse.wst.common.emfworkbench.integration,1.2.100.v201011172300,"org.eclipse.wst.common.emfworkbench.integration",1319020537100
started,bundle,org.eclipse.wst.common.modulecore,1.2.100.v201105191800,"org.eclipse.wst.common.modulecore",1319020537156
started,bundle,org.eclipse.jpt.common.core,1.0.0.v201105180000,"org.eclipse.jpt.common.core",1319020537915
started,bundle,org.eclipse.jpt.jpa.core,3.0.0.v201105250001,"org.eclipse.jpt.jpa.core",1319020537927
deactivated,workbench,org.eclipse.ui.workbench,3.7.0.I20110519-0100,"",1319020552298
activated,workbench,org.eclipse.ui.workbench,3.7.0.I20110519-0100,"",1319020636418
deactivated,workbench,org.eclipse.ui.workbench,3.7.0.I20110519-0100,"",1319020642467
activated,workbench,org.eclipse.ui.workbench,3.7.0.I20110519-0100,"",1319020650152
opened,editor,org.eclipse.jdt.ui,3.7.0.v20110531-1200,"org.eclipse.jdt.ui.CompilationUnitEditor",1319020650445
activated,editor,org.eclipse.jdt.ui,3.7.0.v20110531-1200,"org.eclipse.jdt.ui.CompilationUnitEditor",1319020650477
executed,command,org.eclipse.ui,3.7.0.I20110602-0100,"org.eclipse.ui.edit.paste",1319020658429
started,bundle,org.eclipse.jdt.junit,3.7.0.v20110505-0800,"org.eclipse.jdt.junit",1319020659290
deactivated,workbench,org.eclipse.ui.workbench,3.7.0.I20110519-0100,"",1319020688175
activated,workbench,org.eclipse.ui.workbench,3.7.0.I20110519-0100,"",1319020688321
deactivated,workbench,org.eclipse.ui.workbench,3.7.0.I20110519-0100,"",1319020695298
activated,workbench,org.eclipse.ui.workbench,3.7.0.I20110519-0100,"",1319020695379
executed,command,org.eclipse.ui,3.7.0.I20110602-0100,"org.eclipse.ui.file.save",1319020731145
executed,command,org.eclipse.ui,3.7.0.I20110602-0100,"org.eclipse.ui.file.save",1319020738513
deactivated,workbench,org.eclipse.ui.workbench,3.7.0.I20110519-0100,"",1319020742683
activated,workbench,org.eclipse.ui.workbench,3.7.0.I20110519-0100,"",1319020752446
started,bundle,org.eclipse.mylyn.ide.ui,3.6.0.v20110608-1400,"org.eclipse.mylyn.ide.ui",1319020785883
started,bundle,org.eclipse.jpt.jaxb.ui,1.1.0.v201105180000,"org.eclipse.jpt.jaxb.ui",1319020785898
started,bundle,org.eclipse.jpt.jpa.ui,3.0.0.v201105170000,"org.eclipse.jpt.jpa.ui",1319020785914
started,bundle,org.eclipse.jst.ws.jaxws.ui,1.0.100.v201104032053,"org.eclipse.jst.ws.jaxws.ui",1319020786198
started,bundle,org.eclipse.mylyn.java.ui,3.6.0.v20110608-1400,"org.eclipse.mylyn.java.ui",1319020786214
started,bundle,org.eclipse.pde.api.tools,1.0.300.v20110523-1600,"org.eclipse.pde.api.tools",1319020786541
started,bundle,org.eclipse.pde.api.tools.ui,1.0.300.v20110523-1600,"org.eclipse.pde.api.tools.ui",1319020786544
started,bundle,org.eclipse.jpt.jaxb.core,1.0.0.v201105240000,"org.eclipse.jpt.jaxb.core",1319020786845
executed,command,org.eclipse.ui,3.7.0.I20110602-0100,"org.eclipse.ui.file.save",1319020799051
deactivated,workbench,org.eclipse.ui.workbench,3.7.0.I20110519-0100,"",1319020832500
activated,workbench,org.eclipse.ui.workbench,3.7.0.I20110519-0100,"",1319020832636
executed,command,org.eclipse.ui,3.7.0.I20110602-0100,"org.eclipse.ui.edit.delete",1319020848521
executed,command,org.eclipse.ui,3.7.0.I20110602-0100,"org.eclipse.ui.edit.delete",1319020850200
executed,command,org.eclipse.jdt.ui,3.7.0.v20110531-1200,"org.eclipse.jdt.ui.edit.text.java.indent",1319020851598
executed,command,org.eclipse.ui,3.7.0.I20110602-0100,"org.eclipse.ui.file.save",1319020864703
activated,view,org.eclipse.jdt.ui,3.7.0.v20110531-1200,"org.eclipse.jdt.ui.PackageExplorer",1319020887946
executed,command,org.eclipse.jdt.debug.ui,3.6.0.v20110512,"org.eclipse.jdt.debug.ui.localJavaShortcut.run",1319020891852
started,bundle,org.maven.ide.eclipse.launching,0.12.1.20110112-1712,"org.maven.ide.eclipse.launching",1319020892363
activated,view,org.eclipse.ui.console,3.5.100.v20110511,"org.eclipse.ui.console.ConsoleView",1319020894342
started,bundle,org.eclipse.wst.xsl.debug.ui,1.0.200.v201101281837,"org.eclipse.wst.xsl.debug.ui",1319020912362
activated,editor,org.eclipse.jdt.ui,3.7.0.v20110531-1200,"org.eclipse.jdt.ui.CompilationUnitEditor",1319020929360
activated,view,org.eclipse.ui.console,3.5.100.v20110511,"org.eclipse.ui.console.ConsoleView",1319020940765
activated,editor,org.eclipse.jdt.ui,3.7.0.v20110531-1200,"org.eclipse.jdt.ui.CompilationUnitEditor",1319020949905
error,log,,,"Unable to update index for central|http://repo1.maven.org/maven2",1319020979082
activated,view,org.eclipse.jdt.ui,3.7.0.v20110531-1200,"org.eclipse.jdt.ui.PackageExplorer",1319021025866
executed,command,org.eclipse.ui,3.7.0.I20110602-0100,"org.eclipse.ui.edit.copy",1319021031482
deactivated,workbench,org.eclipse.ui.workbench,3.7.0.I20110519-0100,"",1319021032481
activated,workbench,org.eclipse.ui.workbench,3.7.0.I20110519-0100,"",1319021040140
deactivated,workbench,org.eclipse.ui.workbench,3.7.0.I20110519-0100,"",1319021040156
started,bundle,org.eclipse.pde.core,3.7.0.v20110603,"org.eclipse.pde.core",1319021041279
activated,workbench,org.eclipse.ui.workbench,3.7.0.I20110519-0100,"",1319021041560
executed,command,org.eclipse.ui,3.7.0.I20110602-0100,"org.eclipse.ui.edit.paste",1319021041575
deactivated,workbench,org.eclipse.ui.workbench,3.7.0.I20110519-0100,"",1319021049110
activated,workbench,org.eclipse.ui.workbench,3.7.0.I20110519-0100,"",1319021114490
opened,editor,org.eclipse.jdt.ui,3.7.0.v20110531-1200,"org.eclipse.jdt.ui.CompilationUnitEditor",1319021114880
activated,editor,org.eclipse.jdt.ui,3.7.0.v20110531-1200,"org.eclipse.jdt.ui.CompilationUnitEditor",1319021114958
executed,command,org.eclipse.ui,3.7.0.I20110602-0100,"org.eclipse.ui.file.save",1319021137718
activated,view,org.eclipse.jdt.ui,3.7.0.v20110531-1200,"org.eclipse.jdt.ui.PackageExplorer",1319021154414
deactivated,workbench,org.eclipse.ui.workbench,3.7.0.I20110519-0100,"",1319021158361
activated,workbench,org.eclipse.ui.workbench,3.7.0.I20110519-0100,"",1319021176925
opened,editor,org.eclipse.jdt.ui,3.7.0.v20110531-1200,"org.eclipse.jdt.ui.CompilationUnitEditor",1319021177284
activated,editor,org.eclipse.jdt.ui,3.7.0.v20110531-1200,"org.eclipse.jdt.ui.CompilationUnitEditor",1319021177346
executed,command,org.eclipse.ui,3.7.0.I20110602-0100,"org.eclipse.ui.file.save",1319021195598
activated,view,org.eclipse.jdt.ui,3.7.0.v20110531-1200,"org.eclipse.jdt.ui.PackageExplorer",1319021212072
executed,command,org.eclipse.ui,3.7.0.I20110602-0100,"org.eclipse.ui.edit.copy",1319021215629
deactivated,workbench,org.eclipse.ui.workbench,3.7.0.I20110519-0100,"",1319021216159
activated,workbench,org.eclipse.ui.workbench,3.7.0.I20110519-0100,"",1319021222461
deactivated,workbench,org.eclipse.ui.workbench,3.7.0.I20110519-0100,"",1319021222477
activated,workbench,org.eclipse.ui.workbench,3.7.0.I20110519-0100,"",1319021223663
executed,command,org.eclipse.ui,3.7.0.I20110602-0100,"org.eclipse.ui.edit.paste",1319021223663
opened,editor,org.eclipse.jdt.ui,3.7.0.v20110531-1200,"org.eclipse.jdt.ui.CompilationUnitEditor",1319021229091
activated,editor,org.eclipse.jdt.ui,3.7.0.v20110531-1200,"org.eclipse.jdt.ui.CompilationUnitEditor",1319021229185
deactivated,workbench,org.eclipse.ui.workbench,3.7.0.I20110519-0100,"",1319021279339
activated,workbench,org.eclipse.ui.workbench,3.7.0.I20110519-0100,"",1319021311522
executed,command,org.eclipse.jdt.ui,3.7.0.v20110531-1200,"org.eclipse.jdt.ui.edit.text.java.extract.method",1319021311522
started,bundle,org.eclipse.equinox.p2.garbagecollector,1.0.200.v20110510,"org.eclipse.equinox.p2.garbagecollector",1319021341659
executed,command,org.eclipse.ui,3.7.0.I20110602-0100,"org.eclipse.ui.edit.text.contentAssist.proposals",1319021359412
executed,command,org.eclipse.ui,3.7.0.I20110602-0100,"org.eclipse.ui.edit.text.contentAssist.proposals",1319021397055
executed,command,org.eclipse.ui,3.7.0.I20110602-0100,"org.eclipse.ui.edit.selectAll",1319021431001
deactivated,workbench,org.eclipse.ui.workbench,3.7.0.I20110519-0100,"",1319021455415
executed,command,org.eclipse.ui,3.7.0.I20110602-0100,"org.eclipse.ui.window.openEditorDropDown",1319021455430
activated,workbench,org.eclipse.ui.workbench,3.7.0.I20110519-0100,"",1319021457131
deactivated,workbench,org.eclipse.ui.workbench,3.7.0.I20110519-0100,"",1319021460641
activated,workbench,org.eclipse.ui.workbench,3.7.0.I20110519-0100,"",1319021465024
executed,command,org.eclipse.ui,3.7.0.I20110602-0100,"org.eclipse.ui.window.preferences",1319021465040
executed,command,org.eclipse.ui,3.7.0.I20110602-0100,"org.eclipse.ui.edit.text.contentAssist.proposals",1319021498907
executed,command,org.eclipse.ui,3.7.0.I20110602-0100,"org.eclipse.ui.edit.text.contentAssist.proposals",1319021506290
executed,command,org.eclipse.ui,3.7.0.I20110602-0100,"org.eclipse.ui.edit.selectAll",1319021511485
executed,command,org.eclipse.ui,3.7.0.I20110602-0100,"org.eclipse.ui.edit.undo",1319021518599
deactivated,workbench,org.eclipse.ui.workbench,3.7.0.I20110519-0100,"",1319021576350
executed,command,org.eclipse.jdt.ui,3.7.0.v20110531-1200,"org.eclipse.jdt.ui.edit.text.java.show.outline",1319021576381
activated,workbench,org.eclipse.ui.workbench,3.7.0.I20110519-0100,"",1319021577645
executed,command,org.eclipse.ui,3.7.0.I20110602-0100,"org.eclipse.ui.file.save",1319021578924
activated,view,org.eclipse.jdt.ui,3.7.0.v20110531-1200,"org.eclipse.jdt.ui.PackageExplorer",1319021581435
executed,command,org.eclipse.jdt.debug.ui,3.6.0.v20110512,"org.eclipse.jdt.debug.ui.localJavaShortcut.run",1319021584415
activated,view,org.eclipse.ui.console,3.5.100.v20110511,"org.eclipse.ui.console.ConsoleView",1319021585195
activated,editor,org.eclipse.jdt.ui,3.7.0.v20110531-1200,"org.eclipse.jdt.ui.CompilationUnitEditor",1319021592576
deactivated,workbench,org.eclipse.ui.workbench,3.7.0.I20110519-0100,"",1319021620328
started,bundle,org.eclipse.wst.jsdt.manipulation,1.0.300.v201104272153,"org.eclipse.wst.jsdt.manipulation",1319021655740
started,bundle,org.eclipse.wst.jsdt.ui,1.1.100.v201105041953,"org.eclipse.wst.jsdt.ui",1319021655943
activated,workbench,org.eclipse.ui.workbench,3.7.0.I20110519-0100,"",1319021656567
